Compounds_ID,Name,Class,Subclass_I,Subclass_II,CAS_number,Reference_classification,Recovered_as,Formula,Annot_Source_Predicted_Compositions,Annot_Source_mzCloud_Search,Annot_Source_mzVault_Search,Annot_Source_ChemSpider_Search,Annot_Source_MassList_Search,Calc_MW,m_z,RT_min_,Area_Max_,_ChemSpider_Results,_mzCloud_Results,_mzVault_Results,mzCloud_Best_Match,mzCloud_Best_Match_Confidence,mzVault_Best_Match,Mass_List_Match_EFS_HRAM_Compound_Database,Mass_List_Match_Extractables_and_Leachables_HRAM_Compound_Database,MS2,Reference_Ion,Area_A1,Area_A2,Area_A3,Area_A_PB,Area_D1,Area_D2,Area_D3,Area_D_PB,Area_Pool_QC_1,Area_Pool_QC_2,Area_Pool_QC_3,Area_S1,Area_S2,Area_S3,Area_S_PB,Group_Area_Avedøre,Group_Area_Hvidovre,Group_Area_Skævinge,Group_CV_pct_Avedøre,Group_CV_pct_Hvidovre,Group_CV_pct_Skævinge,Ratio_Hvidovre_Avedøre_,Ratio_Skævinge_Avedøre_,Ratio_Skævinge_Hvidovre_,Log2_Fold_Change_Hvidovre_Avedøre_,Log2_Fold_Change_Skævinge_Avedøre_,Log2_Fold_Change_Skævinge_Hvidovre_,P_value_Hvidovre_Avedøre_,P_value_Skævinge_Avedøre_,P_value_Skævinge_Hvidovre_,Adj_P_value_Hvidovre_Avedøre_,Adj_P_value_Skævinge_Avedøre_,Adj_P_value_Skævinge_Hvidovre_,Peak_Rating_A1,Peak_Rating_A2,Peak_Rating_A3,Peak_Rating_A_PB,Peak_Rating_D1,Peak_Rating_D2,Peak_Rating_D3,Peak_Rating_D_PB,Peak_Rating_Pool_QC_1,Peak_Rating_Pool_QC_2,Peak_Rating_Pool_QC_3,Peak_Rating_S1,Peak_Rating_S2,Peak_Rating_S3,Peak_Rating_S_PB
1,Tris(2-butoxyethyl) phosphate,Industrial Chemicals,Flame retardant,,78-51-3,https://pubchem.ncbi.nlm.nih.gov/compound/6540,,C18 H39 O7 P,Not the top hit,Full match,Full match,Full match,Full match,398.24318,399.25045,24.462,518819267.8,29,6,1,99.3,98,94.5,No matches found,Single match found,PreferredDDA,[M+H]+1,265824306.4,249862431.6,271210375.4,7046612.103,518819267.8,436110867.9,434781580.1,6056287.979,355780176.3,291380274.3,366704241.4,217651908.8,259816891.4,284365018.8,8705711.36,265824306.4,436110867.9,259816891.4,4.232572124,10.3920915,13.28714967,1.641,0.977,0.596,0.71,-0.03,-0.75,0.001145207,0.892282869,0.000807356,0.004281716,0.949325901,3.58E-03,5.8,6.60E+00,6.60E+00,6.1,6.60E+00,6.2,7,6.1,7.9,8.2,9,6.6,6.6,6.6,6.1
2,Photoinitiator TPO,Industrial Chemicals,Photoinitiator,,,https://www.sigmaaldrich.com/DK/en/product/aldrich/906808,"Diphenyl(2,4,6-trimethylbenzoyl)phosphine oxide",C22 H21 O2 P,Not the top hit,No results,Full match,Not the top hit,Full match,348.12776,349.13504,23.914,3196963.754,41,0,1,,,78.1,No matches found,Single match found,PreferredDDA,[M+H]+1,2992915.476,3196963.754,2217133.219,127523.3517,2444736.759,2375548.796,2710207.604,124251.1562,2256504.384,2239972.537,2166983.074,495476.228,555625.7203,488089.6126,121609.1581,2992915.476,2444736.759,495476.228,18.44777813,7.037893736,7.220198543,8.17E-01,0.166,0.203,-0.29,-2.59,-2.3,0.623429051,7.76E-06,1.13E-05,0.777434826,4.25E-05,0.000132553,3.6,3.3,3.6,,5.5,5.2,5.9,,8.6,8.2,7.8,4.9,,4.2,2.7
3,Tributyl Phosphate,Industrial Chemicals,Plasticizer,,126-73-8,https://en.wikipedia.org/wiki/Tributyl_phosphate,,C12 H27 O4 P,Full match,Full match,Not the top hit,Full match,Full match,266.16489,267.17217,23.809,438439300.7,3,3,2,99.5,93.4,94.7,Multiple matches found,Single match found,PreferredDDA,[M+H]+1,199253397.5,230703729.4,195799084.2,17498333.29,438439300.7,361088189.2,339547114.4,21329506.65,247027086.5,227565332.1,225202616.7,113022958.2,105372409.5,108985225.7,20341271.18,199253397.5,361088189.2,108985225.7,9.220559286,13.69654191,3.507147895,1.812,0.547,0.302,0.86,-0.87,-1.73,0.000628489,0.000403652,8.97E-06,0.002562781,0.00110144,1.14E-04,6.20E+00,5.8,6.2,6.00E+00,6.2,5.8,6.2,6,8.4,8.7,8.7,6.2,5.8,6.2,5.6
4,Aldosterone,Metabolite,Human Metabolites,Steroid,52-39-1,https://en.wikipedia.org/wiki/Aldosterone,,C21 H28 O5,Full match,Not the top hit,Partial match,Full match,Full match,360.19364,361.20095,17.279,26843860.33,84,11,1,58,64.4,57.5,Single match found,No matches found,PreferredDDA,[M+H]+1,25240911.25,26805628.12,26843860.33,107703.0121,728626.357,1709534.51,1317685.857,148071.1183,12843483.03,12085565.93,14565819.9,516828.2953,508819.0431,4067251.895,104719.2438,26805628.12,1317685.857,516828.2953,3.478089293,39.43827973,1.21E+02,4.90E-02,0.019,3.92E-01,-4.35E+00,-5.7,-1.35,0.004981069,0.0039775,0.969468388,0.014618278,0.007862812,0.999999927,6.2,6.2,6.6,,1.9,0.2,0.6,,8.5,8.1,7.4,4.5,1.9,0.2,
5,Pregnenolone,Metabolite,Human Metabolites,Steroid,145-13-1,https://en.wikipedia.org/wiki/Pregnenolone,,C21 H32 O2,Not the top hit,Partial match,Full match,Full match,No results,316.24033,317.24759,19.54,58792420.3,106,6,1,71.8,69.3,58.7,No matches found,No matches found,PreferredDDA,[M+H]+1,58792420.3,57936189.89,57408264.35,95480.5337,210313.4722,216097.9043,191853.5608,237246.0081,24255530.82,20481612.42,20575975.07,158717.9698,176875.7131,185301.5422,104285.3494,57936189.89,210313.4722,176875.7131,1.203427463,6.144155509,7.82E+00,4.00E-03,0.003,8.41E-01,-8.11E+00,-8.36,-0.25,6.42E-14,6.42E-14,0.026708054,7.40E-12,5.45E-12,0.063608361,6.6,6.20E+00,6.6,,,,,5.6,9.1,7.4,7.8,,,,
6,Octisalate,Personal Care Products,Sunscreen,,,https://pubchem.ncbi.nlm.nih.gov/compound/8364,2-ethylhexyl salicylate,C15 H22 O3,Full match,Partial match,Full match,Partial match,Partial match,250.15708,251.16436,22.691,130908997.7,228,8,1,76.3,47.9,53.1,No matches found,Multiple matches found,PreferredDDA,[M+H]+1,130908997.7,121712696.3,120761248.9,5317744.583,52935985.18,54102570.39,53556287.13,6284114.037,84518125.26,79174349.32,81518245.89,49263695.99,56378395.32,53963720.21,4797466.479,121712696.3,53556287.13,53963720.21,4.50291607,1.09E+00,6.80E+00,0.44,4.43E-01,1.01E+00,-1.18,-1.17,0.01,1.57E-06,1.51E-06,0.978762402,2.17E-05,1.22E-05,0.999999927,6.6,6.2,6.6,3.9,6.2,6.6,6.6,4.2,9.6,9.6,9.6,6.6,6.6,6.2,3.3
7,DEET,Pesticides,Fungicide,,134-62-3,https://en.wikipedia.org/wiki/DEET,,C12 H17 N O,Full match,Full match,Full match,Partial match,Full match,191.13117,192.13844,18.932,103781776.9,92,10,1,95.7,84.9,77.9,Multiple matches found,No matches found,PreferredDDA,[M+H]+1,103781776.9,95296846.5,100909756.3,3339899.579,74556860.52,69580884.15,63537240.1,2410354.139,75433612.66,72130921.7,78093875.16,35681333.85,44499969,45694045.18,2405015.006,100909756.3,69580884.15,44499969,4.315784195,7.971721515,13.03391547,0.69,0.441,0.64,-0.54,-1.18,-0.64,0.007256529,6.99E-05,0.001483967,0.02016852,0.000256715,5.89E-03,6.60E+00,6.2,6.2,1.70E+00,6.6,6.6,5.1,0.6,9.6,9.6,9.6,6.2,6.6,5.8,0.6
8,Propiconazole,Pesticides,Fungicide,Triazole,60207-90-1,https://en.wikipedia.org/wiki/Propiconazole,,C15 H17 Cl2 N3 O2,Full match,Full match,Full match,Full match,Full match,341.06978,342.07706,23.27,363771284.7,25,2,1,87.4,72,80.6,Single match found,No matches found,PreferredDDA,[M+H]+1,10157718.03,9514308.772,9004219.43,3711326.735,355958200.2,363771284.7,337899674.4,479998.0101,131364165.7,120669750.5,116651089,8156850.436,9135743.986,8385527.768,7953736.623,9514308.772,355958200.2,8385527.768,6.047150797,3.763967877,5.982670425,37.413,0.881,0.024,5.23,-0.18,-5.41,9.08E-14,0.098329144,7.26E-14,9.78E-12,0.140476827,2.29E-11,4.7,4.4,4.7,4.5,6.2,6.6,6.2,,9.1,8.7,8.4,6.8,7.1,7.1,6.8
9,Tebuconazole,Pesticides,Fungicide,Triazole,107534-96-3,https://en.wikipedia.org/wiki/Tebuconazole,,C16 H22 Cl N3 O,Full match,Full match,Full match,Full match,Full match,307.14523,308.15251,22.629,5450556.801,28,2,1,81.5,63.8,56.8,Single match found,No matches found,PreferredDDA,[M+H]+1,5450556.801,4976436.698,4537731.139,181394.4727,3590243.048,4122316.679,3964723.091,240157.1567,4785412.025,4197102.461,4466352.336,3466183.798,4734371.573,4542319.851,198553.9413,4976436.698,3964723.091,4542319.851,9.152069111,7.021450923,16.09197463,0.797,0.913,1.146,-0.33,-0.13,0.2,0.095607619,0.270905353,0.703081219,0.17591802,0.347023315,8.89E-01,5.80E+00,4.00E+00,3.30E+00,1.90E+00,3.60E+00,4.8,3.3,4.2,7.3,7.7,7.7,5.5,4,3.6,
10,Prometryn,Pesticides,Herbicide,,7287-19-6,https://pubchem.ncbi.nlm.nih.gov/compound/4929,,C10 H19 N5 S,Full match,Not the top hit,Full match,Full match,Full match,241.1363,242.14357,17.318,325701833.1,3,3,2,93.5,80.8,62.5,Multiple matches found,No matches found,PreferredDDA,[M+H]+1,11979620.17,11959465.99,11850865.39,571370.7049,321651708.7,316165669.8,325701833.1,207908.2304,129846719.9,107660473.5,99992793.53,18069041.86,26336613.75,28005379.88,828641.8409,11959465.99,321651708.7,26336613.75,0.580517611,1.49E+00,2.20E+01,26.895,2.202,8.20E-02,4.75,1.14,-3.61,4.17E-07,0.002095569,1.15E-06,1.04E-05,0.004527313,2.77E-05,4.10E+00,3.7,3,,6.2,6.6,6.2,,8.6,8.6,7.9,4.1,5.1,5.1,0.4
11,Prosulfocarb,Pesticides,Herbicide,Xenobiotic,52888-80-9,https://pubchem.ncbi.nlm.nih.gov/compound/62020,,C14 H21 N O S,Full match,Full match,Full match,Full match,Full match,251.13453,252.14181,24.815,28485326.75,29,3,1,96.7,87.7,94.5,Single match found,No matches found,PreferredDDA,[M+H]+1,14724921.04,16588566.53,28485326.75,1095569.47,1099156.9,1173563.271,820921.5544,1983888.869,10031509.25,9792559.575,10914676.58,1730381.766,1902261.276,2078092.626,415831.8654,16588566.53,1099156.9,1902261.276,37.45043496,1.80E+01,9.13E+00,6.60E-02,1.15E-01,1.73E+00,-3.92,-3.12,0.79,1.25E-05,5.16E-05,0.041728172,0.000105347,0.000199623,9.33E-02,6.40E+00,6.40E+00,6.60E+00,4.50E+00,6.00E+00,5.7,5.4,6.4,8.3,8.3,8.5,5.2,5.5,5.5,5.3
12,Dibutyl phosphate,Reagents and standards,,,107-66-4,https://www.sigmaaldrich.com/DK/en/product/aldrich/68572,,C8 H19 O4 P,Full match,Full match,Full match,Full match,Full match,210.1023,211.10958,23.809,20566226.05,3,1,1,84.2,9.2,83.6,No matches found,Single match found,PreferredDDA,[M+H]+1,9232656.02,10831760.13,9185831.305,800294.3791,20566226.05,16879845.63,15862173.2,898916.7521,11531864.4,11098788.68,10269640.32,5224715.644,4910616.468,5052567.15,886815.4422,9232656.02,16879845.63,5052567.15,9.610717075,13.92831733,3.10690774,1.828,0.547,0.299,0.87,-0.87,-1.74,0.000685718,0.000419236,9.62E-06,0.002759726,0.001135154,0.000118283,5.8,5.6,5.8,3.8,6,5.6,5.6,4.5,8.5,8.1,7.9,5.8,5.2,5.8,3.4
13,Diclofenac,Therapeutics/Drugs,Analgesic,NSAID,15307-86-5,https://en.wikipedia.org/wiki/Diclofenac,,C14 H11 Cl2 N O2,Full match,Full match,Full match,Full match,Full match,295.01675,296.02403,22.72,103863783.4,37,2,1,92.6,65.2,87.7,Multiple matches found,No matches found,PreferredDDA,[M+H]+1,103863783.4,102971356.4,95688322.83,3190472.11,87982228,87628798.32,88352177.01,3599089.528,91562405.03,81493781.04,82748857.18,59016232.34,66710097,67345591.31,3528804.793,102971356.4,87982228,66710097,4.447327436,0.411103637,7.204165884,0.854,0.648,0.758,-0.23,-0.63,-0.4,0.03634779,8.06E-05,0.000606607,0.077841629,0.000288344,0.002841477,6.6,6.6,6.6,5.2,6.6,6.6,6.6,5.2,9.1,8.7,9.1,6.6,6.2,6.6,5.5
14,Indomethacin,Therapeutics/Drugs,Analgesic,NSAID,53-86-1,https://en.wikipedia.org/wiki/Indometacin,,C19 H16 Cl N O4,Not the top hit,Full match,Full match,Full match,No results,357.07675,358.08403,22.766,13000427.62,55,1,1,86.2,53.7,74.5,No matches found,No matches found,PreferredDDA,[M+H]+1,12137333.59,13000427.62,12653531.13,294163.8195,516959.2921,637701.1688,567588.3094,702652.3489,5415448.683,4732599.473,5230912.231,167601.1659,100067.5638,152372.8178,52380.57572,12653531.13,567588.3094,152372.8178,3.447664446,1.06E+01,2.53E+01,0.045,0.012,2.68E-01,-4.48,-6.38,-1.9,1.41E-06,2.43E-07,0.000123358,2.04E-05,4.03E-06,0.000790343,5.6,5.6,6,,6.9,,,5.8,8.3,8.1,7.9,,,,
15,Naproxen,Therapeutics/Drugs,Analgesic,NSAID,22204-53-1,https://en.wikipedia.org/wiki/Naproxen,,C14 H14 O3,Full match,Full match,Full match,Full match,Full match,230.09462,231.1019,20.408,38281852.31,112,6,1,84.4,52.6,71.4,Multiple matches found,No matches found,PreferredDDA,[M+H]+1,38281852.31,33503114.45,32609668.3,569817.1577,33669191.01,34399391.51,32933899.94,437811.3218,32635172.04,30863932.23,28190089.95,15195363.03,18755532.62,18981419.28,711602.3414,33503114.45,33669191.01,18755532.62,8.764288457,2.18E+00,1.20E+01,1.005,5.60E-01,5.57E-01,0.01,-0.84,-0.84,0.906806509,0.000198565,0.000257377,0.997259915,0.000608478,0.001416264,5.1,5.5,5.8,0.8,5.8,5.5,6.2,1.5,8.7,8.4,8,5.2,6,5.6,3.8
16,Azithromycin,Therapeutics/Drugs,Antibiotic,,83905-01-5,https://pubchem.ncbi.nlm.nih.gov/compound/447043,,C38 H72 N2 O12,Not the top hit,No match,Full match,Full match,No results,748.50842,375.26149,10.893,212181324.7,13,1,1,39.6,7,66.4,No matches found,No matches found,OtherDDA,[M+2H]+2,143808428,141224564.9,95553190.92,438296.2915,212181324.7,67927036.17,69197327.25,414046.5586,106558519.3,146218744.9,18864634.18,34297724.21,58219767.19,8608102.643,675941.8119,141224564.9,69197327.25,34297724.21,21.39728624,71.21640403,7.36E+01,0.49,0.243,0.496,-1.03,-2.04,-1.01,0.920462193,0.072260681,0.118639983,0.999999877,0.107070297,2.19E-01,3.60E+00,2.4,,3.40E+00,4.7,2,0.9,5.3,,4.7,5.2,1.7,3.2,5.8,3.4
17,Clarithromycin,Therapeutics/Drugs,Antibiotic,,81103-11-9,https://en.wikipedia.org/wiki/Clarithromycin,,C38 H69 N O13,No match,Full match,Full match,Full match,No results,747.4757,748.48297,15.829,20619507.94,9,1,1,92.8,79.7,88,No matches found,No matches found,PreferredDDA,[M+H]+1,20619507.94,19815995.44,19764545.91,100885.2973,15516806.99,19022348.47,18210285.95,102290.7268,17282537.94,13965422.8,14688382.22,1786213.598,2296893.622,2657296.224,105499.9913,19815995.44,18210285.95,2296893.622,2.38928865,10.43606373,19.48087151,0.919,0.116,0.126,-0.12,-3.11,-2.99,0.466476018,2.10E-06,2.97E-06,0.626138699,1.58E-05,5.04E-05,4.8,4.1,4.8,,4.8,5.6,5.6,,7.2,7.2,7.6,2.9,2.9,2.1,
18,Roxithromycin,Therapeutics/Drugs,Antibiotic,,80214-83-1,https://en.wikipedia.org/wiki/Roxithromycin,,C41 H76 N2 O15,No match,Full match,Full match,Full match,Full match,836.52435,419.26963,16.119,29397157.89,9,2,1,93.5,80.8,87.8,Single match found,No matches found,PreferredDDA,[M+2H]+2,29065043.39,28345669.21,29397157.89,95513.06405,21289044.95,20414545.81,19395882.01,100368.925,28482501.19,25769987.81,24157726.21,20977137.9,24813284.95,25490328.28,99426.85911,29065043.39,20414545.81,24813284.95,1.857545206,4.652229383,1.02E+01,7.02E-01,0.854,1.22E+00,-0.51,-0.23,0.28,0.00169124,0.02523577,0.075004926,0.005899443,0.041145059,0.151117209,5.1,4.7,5.1,,5.2,4.8,4.5,,8,7.6,8,6.4,5.1,5.5,
19,Trimethoprim,Therapeutics/Drugs,Antibiotic,,738-70-5,https://en.wikipedia.org/wiki/Trimethoprim,,C14 H18 N4 O3,Not the top hit,Partial match,Full match,Partial match,Full match,290.13805,291.14533,8.371,7276424.973,99,2,1,96.6,78.2,86.6,Single match found,No matches found,PreferredDDA,[M+H]+1,5966337.511,5987592.086,6038987.24,64968.75501,7276424.973,4487443.967,5709666.615,61918.88511,6404666.902,6235122.007,5478662.776,4224876.839,4856778.03,5278985.645,60692.6081,5987592.086,5709666.615,4856778.03,0.622784746,24.00257533,11.08277595,0.954,0.811,0.851,-0.07,-0.3,-0.23,0.921776126,0.239660185,0.381000553,0.999999877,0.311779091,0.564332946,5.4,5.4,4.2,,5,5.2,5,,7.9,7.1,6.8,4,3.6,3.5,
20,Carbamazepine,Therapeutics/Drugs,Anticonvulsant,,298-46-4,https://www.drugs.com/carbamazepine.html,,C15 H12 N2 O,Full match,Full match,Full match,Full match,Full match,236.09517,237.10245,17.482,124726762.5,185,6,1,99,87.7,90.7,Single match found,No matches found,PreferredDDA,[M+H]+1,115761053.4,109481923.3,108692899.2,372609.2394,111109337.7,104432934.8,103067726.6,104463.0834,123681783,109724307.3,124726762.5,94247595.1,110050069.6,114573283.7,193059.0352,109481923.3,104432934.8,110050069.6,3.479566367,4.051858925,1.00E+01,9.54E-01,1.005,1.054,-0.07,0.01,0.08,0.681241786,0.659149591,0.999167367,0.831050022,0.747109199,0.999999927,6.6,6.2,6.6,0.8,6.2,6.6,6.6,,8.7,9.1,9.1,6.2,6.2,6.6,3
21,Oxcarbazepine,Therapeutics/Drugs,Anticonvulsant,,28721-07-5,https://en.wikipedia.org/wiki/Oxcarbazepine,,C15 H12 N2 O2,Full match,Full match,Full match,Full match,Full match,252.09007,253.09735,15.844,51265175.18,239,6,1,94.3,71.3,82.5,Multiple matches found,No matches found,PreferredDDA,[M+H]+1,45112379.43,51265175.18,48334613.12,136613.4651,35665618.29,37499501.47,39426937.5,90296.89013,37647328.7,36327729.1,36859091.34,19872313.83,15329629.35,17145925.69,93129.86058,48334613.12,37499501.47,17145925.69,6.380009219,5.01150849,13.10360458,0.776,0.355,0.457,-0.37,-1.5,-1.13,0.03107574,1.92E-05,9.95E-05,0.067997904,8.84E-05,0.000671169,6.20E+00,6.20E+00,5.8,,6.60E+00,6.2,6.6,,9.2,8.9,9.6,5.6,4.5,5.2,
22,Cetirizine,Therapeutics/Drugs,Antihistamine,,83881-51-0,https://www.drugs.com/cetirizine-hcl.html,,C21 H25 Cl N2 O3,Full match,Full match,Full match,Full match,Full match,388.15536,389.16264,16.705,170767539.3,46,1,1,93.8,9.7,79.5,Single match found,No matches found,PreferredDDA,[M+H]+1,159148879.6,157078288.9,155203421.4,1004243.063,167173946.3,170767539.3,166825168.7,1242352.9,169550050,144067411.3,156462599.3,97032864.03,119001162.5,125194592.5,1142594.242,157078288.9,167173946.3,119001162.5,1.255882444,1.30E+00,1.30E+01,1.064,7.58E-01,7.12E-01,0.09,-0.4,-0.49,0.567392602,0.005177676,0.001977498,0.725475414,0.009900702,0.00753105,6.2,6.2,6.2,3.4,6.6,6.2,6.2,3.3,8.7,8.7,8.7,6.6,6.2,6.2,2.5
23,Fexofenadine,Therapeutics/Drugs,Antihistamine,,83799-24-0,https://en.wikipedia.org/wiki/Fexofenadine,,C32 H39 N O4,Full match,Full match,Full match,Full match,Full match,501.28823,502.2955,15.663,2430577209,34,2,1,99.5,93.4,89.3,Single match found,No matches found,PreferredDDA,[M+H]+1,1781599087,1727362825,1732518861,30385575.08,1699697937,1764735757,1721668042,39523741.75,2150219319,1874266941,1941428831,1998867295,2397138632,2430577209,30573952.44,1732518861,1721668042,2397138632,1.713415437,1.913825671,10.55480837,0.994,1.384,1.392,-0.01,0.47,0.48,0.977948585,0.006302527,0.005175401,0.999999877,0.011830604,0.016374104,5.8,6.2,6.2,6.6,6.6,6.2,6.2,6.2,8.7,8.7,8.7,6.6,6.2,6.2,5.8
24,Bicalutamide,Therapeutics/Drugs,Cancer treatment,Antihormone,90357-06-5,https://www.sciencedirect.com/science/article/pii/S0166445X14003956,,C18 H14 F4 N2 O4 S,Not the top hit,Full match,Full match,Full match,No results,430.06104,431.06832,21.603,11426080.35,5,1,1,73.3,46.1,84,No matches found,No matches found,PreferredDDA,[M+H]+1,9367955.967,9412502.04,9912442.997,56571.13558,11426080.35,10780951.98,10722073.56,75388.09702,10951936.05,9122455.854,7961010.643,9174307.031,10325907.81,11082508.99,82807.93014,9412502.04,10780951.98,10325907.81,3.160941826,3.56E+00,9.43E+00,1.145,1.10E+00,9.58E-01,0.2,0.13,-0.06,0.075142378,0.486552137,0.345492861,0.143485492,0.580741822,5.23E-01,5.00E+00,5.8,5.40E+00,,6,5.8,5.4,,7.5,6.5,6.9,5,5.8,5.6,2.3
25,Bisoprolol,Therapeutics/Drugs,Cardiovascular regulation,,66722-44-9,https://en.wikipedia.org/wiki/Bisoprolol,,C18 H31 N O4,Not the top hit,Full match,Full match,Full match,Full match,325.22543,326.2327,11.55,15671337.37,22,1,1,73.4,70.4,50.1,Single match found,No matches found,PreferredDDA,[M+H]+1,8752140.683,9199372.073,9343654.732,84520.4745,9315749.408,8046019.668,8239198.292,84604.7946,11729302.42,10827602.97,9103734.75,12514044.1,15272188.63,15671337.37,87473.15398,9199372.073,8239198.292,15272188.63,3.389785958,8.02E+00,1.19E+01,8.96E-01,1.66E+00,1.85E+00,-1.60E-01,0.73,0.89,0.642930647,0.001521409,0.000741833,0.796658011,0.003412958,3.38E-03,3.90E+00,4.2,4.60E+00,,5.8,4.2,5,,7.6,8,5.5,4.5,4.8,3.7,
26,Candesartan,Therapeutics/Drugs,Cardiovascular regulation,,139481-59-7,https://en.wikipedia.org/wiki/Candesartan,,C24 H20 N6 O3,Not the top hit,Full match,Full match,Full match,No results,440.15982,441.1671,19.786,92563425.42,50,2,1,89,74.2,83.9,No matches found,No matches found,PreferredDDA,[M+H]+1,79780755.8,79282233.28,80258776.13,1214072.162,91553932.62,92563425.42,82367255.48,1286849.551,70106307.03,61760338.83,64850887.18,15860066.48,19094132.64,16541315.2,1317422.717,79780755.8,91553932.62,16541315.2,0.61211394,6.32E+00,9.93E+00,1.15E+00,2.07E-01,1.81E-01,2.00E-01,-2.27,-2.47,0.211573568,5.30E-07,3.84E-07,0.334950575,6.68E-06,1.54E-05,6.6,6.6,6.6,4,6.6,6.6,6.6,2.1,8.7,8.7,9.1,4.8,6,5.6,2.9
27,Diltiazem,Therapeutics/Drugs,Cardiovascular regulation,,42399-41-7,https://en.wikipedia.org/wiki/Diltiazem,,C22 H26 N2 O4 S,Not the top hit,Full match,Full match,Full match,Full match,414.16148,415.16875,14.085,19350041.1,131,8,1,92.9,83.4,80.6,Single match found,No matches found,PreferredDDA,[M+H]+1,18985742.65,19350041.1,19199911.66,161263.681,12151786.67,11481304.84,11673411.72,176355.8252,13914443.19,11796554.22,13019335.64,3804582.254,4031801.555,5072386.78,175417.6437,19199911.66,11673411.72,4031801.555,0.954633163,2.93E+00,1.57E+01,0.608,2.10E-01,3.45E-01,-0.72,-2.25,-1.53,0.001327886,2.03E-06,2.15E-05,0.004836626,1.54E-05,0.000216974,4.5,4.5,4.1,,3.7,4.1,3.7,,7.4,6.6,6.6,2.5,2.9,2,
28,Losartan,Therapeutics/Drugs,Cardiovascular regulation,,114798-26-4,https://en.wikipedia.org/wiki/Losartan,,C22 H23 Cl N6 O,Not the top hit,Full match,Full match,Full match,No results,422.16224,423.16952,19.089,868221157.8,26,2,1,97.1,88.9,87.7,No matches found,No matches found,PreferredDDA,[M+H]+1,868221157.8,851491392.7,857288330.4,10236669.45,639705837,663061202.2,523513405.2,9547754.606,765271584.3,688715229.1,696565568.3,493962507.9,580025768.5,587940961.4,5538447.249,857288330.4,639705837,580025768.5,0.98897009,12.27802445,9.409069644,0.746,0.677,0.907,-0.42,-0.56,-0.14,0.008560546,0.002677399,0.485856219,0.023011737,0.005558454,0.677484796,6.6,6.6,6.6,4.6,6.6,6.2,6.6,5,9.1,9.1,9.1,6.6,6.6,6.6,3.9
29,Metoprolol,Therapeutics/Drugs,Cardiovascular regulation,Beta blocker,51384-51-1,https://en.wikipedia.org/wiki/Metoprolol,,C15 H25 N O3,Full match,Full match,Full match,Full match,Full match,267.18367,268.19094,9.761,304614603.7,49,2,1,99.7,100,73.4,Single match found,No matches found,PreferredDDA,[M+H]+1,253020988.1,261969434.6,258363165.8,349878.4235,304614603.7,249065658.3,250039838.4,686872.2219,239699912.2,231127915.3,197825235.4,146227957.9,172209566.2,165164847.5,976741.3626,258363165.8,250039838.4,165164847.5,1.746496666,11.86745549,8.335413182,0.968,0.639,0.661,-0.05,-0.65,-0.6,0.873134517,0.001080437,0.000740338,0.978006214,0.002549871,0.003378979,7,6.6,6.2,1.9,6.2,6.6,6.6,1.5,9.1,8.7,7.6,5.5,5.5,5.8,
30,Propranolol,Therapeutics/Drugs,Cardiovascular regulation,Beta blocker,525-66-6,https://en.wikipedia.org/wiki/Propranolol,,C16 H21 N O2,Full match,Full match,Full match,Full match,No results,259.15748,260.16476,12.368,60220305.01,134,2,1,95.3,85.4,75.4,No matches found,No matches found,PreferredDDA,[M+H]+1,60220305.01,59977861.46,57967273.32,152813.9431,41207920.08,41156122.99,44410780.13,154793.2177,45993987.14,35514824.93,7845697.907,7139025.922,10263303.03,10814929.03,154747.7367,59977861.46,41207920.08,10263303.03,2.082485018,4.411691124,21.07566043,0.687,0.171,0.249,-0.54,-2.55,-2.01,0.046621817,5.99E-06,2.09E-05,0.095818132,3.46E-05,0.000213319,5.8,4.7,5.8,,4.3,5.1,5.8,,5.5,5.1,5,3.9,2.7,3.9,
31,Valsartan,Therapeutics/Drugs,Cardiovascular regulation,,137862-53-4,https://en.wikipedia.org/wiki/Valsartan,,C24 H29 N5 O3,Full match,Full match,Full match,Full match,Full match,435.22706,436.23433,21.692,104855054.7,146,1,1,95.4,84.2,92.1,Single match found,No matches found,PreferredDDA,[M+H]+1,76794600.33,78066303.34,76437221.56,1176423.371,101916998.5,104855054.7,98587054.46,1185484.847,75697047.9,67171288.97,68192775.02,31088448.55,35790372.07,33060018.07,1436655.534,76794600.33,101916998.5,33060018.07,1.110563426,3.08E+00,7.09E+00,1.327,0.43,0.324,0.41,-1.22,-1.62,0.000679406,1.22E-06,3.45E-07,0.002743084,1.06E-05,1.43E-05,6.6,6.6,6.2,3.3,6.2,6.6,6.6,4.8,8.7,9.1,8.7,6.6,6.6,6.2,4.4
32,Furosemide,Therapeutics/Drugs,Diuretic,,54-31-9,https://pubchem.ncbi.nlm.nih.gov/compound/3440,,C12 H11 Cl N2 O5 S,Full match,No results,Full match,Partial match,No results,330.00774,331.015,17.745,32187523.82,6,0,1,,,54.6,No matches found,No matches found,PreferredDDA,[M+H]+1,32187523.82,30354316.78,30750274.99,98585.64829,30923048.8,31467887.2,30878198.78,160785.0215,25943118.94,25525421.98,25239627.68,7590878.712,9671918.19,10014585.63,103269.8375,30750274.99,30923048.8,9671918.19,3.101979894,1.06E+00,1.44E+01,1.01E+00,3.15E-01,3.13E-01,0.01,-1.67,-1.68,0.999999877,6.12E-06,6.12E-06,0.999999877,3.50E-05,8.60E-05,6.6,6.2,6.6,,6.6,6.2,6.2,3.8,9.2,9.6,8.9,4.6,5.4,4.6,
33,Citalopram,Therapeutics/Drugs,Psychopharmaca,,59729-33-8,https://en.wikipedia.org/wiki/Citalopram,,C20 H21 F N2 O,Full match,Full match,Full match,Full match,Full match,324.16387,325.17115,13.66,241888730.5,54,6,1,95,84.1,87.6,Multiple matches found,No matches found,PreferredDDA,[M+H]+1,187851931.2,188662007.1,190452310.3,521120.2707,241888730.5,238022723.2,229709681,476334.5375,219976640.5,186464404.3,186639892.5,121143704.4,152844709.5,158563334.1,627161.0438,188662007.1,238022723.2,152844709.5,0.704076391,2.630996466,1.40E+01,1.26E+00,0.81,6.42E-01,3.40E-01,-0.3,-0.64,0.042410855,0.017429105,0.000909965,0.088541581,0.02943678,0.003966483,6.20E+00,6.2,6.2,2.70E+00,5.8,6.2,5.8,2.7,8.7,8.7,7.6,5.8,5.8,5.8,2.7
34,Sertraline,Therapeutics/Drugs,Psychopharmaca,,79617-96-2,https://en.wikipedia.org/wiki/Sertraline,,C17 H17 Cl2 N,Full match,Full match,Full match,Full match,Full match,305.0739,306.08118,15.825,42596886.05,28,1,1,87.2,54.3,77.9,Single match found,No matches found,PreferredDDA,[M+H]+1,37997848.53,36686644.23,34846394.76,710108.9699,33684466.67,42596886.05,42003110.63,573429.839,38170557.65,32793810.11,34155250.74,19787414.64,25277552.03,25720594.52,435453.4116,36686644.23,42003110.63,25277552.03,4.336066298,12.63825737,1.40E+01,1.145,0.689,6.02E-01,0.2,-0.54,-0.73,0.741636963,0.008310688,0.003969525,0.882121361,0.015153418,1.32E-02,4.30E+00,3.9,4.70E+00,3.00E+00,4.7,5.1,5.1,5.7,6.8,7.6,6.8,4.8,5.1,4.3,
35,Venlafaxine,Therapeutics/Drugs,Psychopharmaca,,93413-69-5,https://en.wikipedia.org/wiki/Venlafaxine,,C17 H27 N O2,Full match,Full match,Full match,Full match,Partial match,277.20437,278.21164,11.412,275770066,104,1,1,98.5,98.4,95.2,Multiple matches found,Single match found,PreferredDDA,[M+H]+1,275770066,269809818.8,275312612,207909.9588,186172291.6,165339014.8,165613608.8,203983.889,247959586.6,214119968.2,148271174.5,157036914.6,143938405.3,122768868.5,344628.3554,275312612,165613608.8,143938405.3,1.212213609,6.932339518,12.24208581,0.602,0.523,0.869,-0.73,-0.94,-0.2,0.001122815,0.000150555,0.053479863,0.004209527,0.000482295,1.15E-01,6.20E+00,6.2,5.80E+00,1.90E+00,6.2,6.2,6.6,2.7,7.2,7.6,3.8,6.2,5.1,5.5,3
36,Venlafaxine,Therapeutics/Drugs,Psychopharmaca,,93413-69-5,https://en.wikipedia.org/wiki/Venlafaxine,,C17 H27 N O2,Full match,Full match,Full match,Full match,Partial match,277.20456,278.21183,11.573,64738967.28,104,1,1,96.5,91.3,89.3,Multiple matches found,Single match found,PreferredDDA,[M+H]+1,44451644.52,51630420.05,57731168.81,92179.57435,32474911.45,32412201.74,30933841.78,166077.0736,44403852.52,42004726.57,44033710.85,14724497.39,60525284.89,64738967.28,91413.41013,51630420.05,32412201.74,60525284.89,12.96452356,2.730711761,5.94E+01,6.28E-01,1.172,1.87E+00,-0.67,0.23,0.9,0.51005358,0.775503074,0.88413086,0.668594548,0.851638837,1.00E+00,,,,,,,,1.9,,,7,3.3,5.5,4.3,
37,Prednisone,Therapeutics/Drugs,Steroid medication,,53-03-2,https://en.wikipedia.org/wiki/Prednisone,,C21 H26 O5,Not the top hit,Full match,Full match,Full match,Partial match,358.17798,359.18526,17.903,14980024.05,120,2,1,36.8,58.2,52,Single match found,Single match found,PreferredDDA,[M+H]+1,14001476.09,14980024.05,13444605.88,79510.29934,580438.6652,2683782.643,617783.1467,88122.82544,7692058.349,7247525.023,6453964.559,1175105.16,533715.3099,1461683.81,89279.41791,14001476.09,617783.1467,1175105.16,5.496378259,9.30E+01,4.50E+01,0.044,0.084,1.902,-4.5,-3.57,0.93,0.003493049,0.003386902,0.999371523,0.010858422,0.006818073,1.00E+00,5.20E+00,5.2,4.10E+00,,2.3,0.2,1.9,,6.8,6.4,5.6,0.2,4.5,0.2,
38,Mebendazole,Therapeutics/Drugs,Wormicide,,31431-39-7,https://en.wikipedia.org/wiki/Mebendazole,,C16 H13 N3 O3,Not the top hit,Full match,Full match,Full match,Full match,295.09581,296.10308,16.53,13696897.17,196,4,1,86.8,54,62.1,Single match found,No matches found,PreferredDDA,[M+H]+1,10127190.32,9614493.001,8301729.615,134476.8648,13696897.17,12644262.35,13029912.06,137920.5221,12884244.62,11084916.13,10863271.15,7455273.815,9653876.024,9175783.433,142055.2712,9614493.001,13029912.06,9175783.433,10.07186453,4.057902266,13.19762282,1.355,0.954,0.704,0.44,-0.07,-0.51,0.01461332,0.710140896,0.006269353,0.035867464,0.793698288,0.019197257,3.9,3.1,2.7,,3.3,4.1,4.5,,6.6,5.9,7,3.5,3.9,3.9,
